{
  "roc_auc": 0.8610903582330749,
  "pr_auc": 0.6219767223392871,
  "f1": 0.5267476724001894,
  "precision": 0.6885313531353136,
  "recall": 0.42652696141068236,
  "brier_score": 0.10780207812786102,
  "ece": 0.008155348115600645
}