{
  "roc_auc": 0.8884685338805619,
  "pr_auc": 0.6866294919609941,
  "f1": 0.5793788689369818,
  "precision": 0.7385029795167878,
  "recall": 0.47667124321413257,
  "brier_score": 0.0977039635181427,
  "ece": 0.02164212363118256
}